id,examinationentry_id/id,sequence,name,uom,reference_value,result_type,bold,is_group_header,others
gm_line_3798,gm_entry_5150,10,2 hrs ABF(Strip),mmol/L,upto 8.8,numeric,False,False,
gm_line_2915,gm_entry_4900,1,ALP PHOSPHATASE,U/L,Upto 240 U/L,numeric,False,False,
gm_line_3847,gm_entry_5004,10,Ammonia,umol/L,9.0 - 30.0 umol/L,numeric,False,False,
gm_line_2911,gm_entry_4944,1,BILIRUBIN (TOTAL),mg/dl,upto 1.0 mg/dl,numeric,False,False,BIL
gm_line_2906,gm_entry_3725,1,2hrs.ABF,mmol/L,upto 8 .8,numeric,False,False,
gm_line_2907,gm_entry_3751,10,Plasma Glucose,,,text,True,True,Sugar
gm_line_3792,gm_entry_3751,1,Fasting Blood Sugar,mmol/L,upto 6.4,numeric,False,False,Sugar
gm_line_3793,gm_entry_3751,2,2hrs ABF,mmol/L,upto 8.8,numeric,False,False,Sugar
gm_line_3855,gm_entry_5154,10,Plasma Glucose,,,text,False,True,Sugar
gm_line_3856,gm_entry_5154,1,Fasting Blood Sugar,mmol/L,upto 6.4,numeric,False,False,Sugar
gm_line_3857,gm_entry_5154,2,2hrs ABF after 75gm Glucose,mmol/L,upto 8.8,numeric,False,False,Sugar
gm_line_2903,gm_entry_1534,10,Plasma Glucose,,,text,True,True,Sugar
gm_line_3791,gm_entry_1534,1,Fasting Blood Sugar,mmol/L,upto 6.4,numeric,False,False,Sugar
gm_line_3797,gm_entry_5149,10,Fasting Blood Sugar(Strip),mmol/L,upto 6.4,numeric,False,False,
gm_line_3049,gm_entry_4892,10,Ferritin,ng/mL,Group: Age Range(year): 20-60(M) 17-60(F) Reference Range: 30-400(M) 13-150(F),numeric,False,False,
gm_line_2908,gm_entry_4857,1,HBA1C,%,4.5 - 6.3,numeric,False,False,
gm_line_3826,gm_entry_4917,1,AST (SGOT),U/L,upto 35 U/L,numeric,False,False,LF
gm_line_3827,gm_entry_4917,2,ALT (SGPT),U/L,upto 45 U/L,numeric,False,False,LF
gm_line_3828,gm_entry_4917,3,ALP Phosphatase,U/L,Upto 240 U/L,numeric,False,False,LF
gm_line_3829,gm_entry_4917,4,Bilirubin (Total),mg/dl,upto 1.0 mg/dl,numeric,False,False,LF
gm_line_2981,gm_entry_3789,10,Lipase,U/l,≤ 60U/l,numeric,False,False,
gm_line_3942,gm_entry_4914,10,Magnesium,mg/dL,1.9-2.5 mg/dL,numeric,False,False,
gm_line_3848,gm_entry_4863,10,Plasma Glucose,,,text,True,True,
gm_line_3849,gm_entry_4863,1,Fasting Blood Sugar,mmol/L,upto 6.4,numeric,False,False,
gm_line_3850,gm_entry_4863,2,2hrs After 75g Glucose,mmol/L,upto 8.8,numeric,False,False,
gm_line_2905,gm_entry_3721,10,Plasma Glucose,,,text,True,True,Sugar
gm_line_3790,gm_entry_3721,1,Random Blood Sugar,mmol/L,Upto 8 .8,numeric,False,False,Sugar
gm_line_3789,gm_entry_3833,10,RBS (Strip),mmol/L,Upto 8.8,numeric,False,False,
gm_line_3997,gm_entry_3769,10,Serum Amylase,U/L,< 100 U/L,numeric,False,False,
gm_line_2916,gm_entry_4897,1,S. CALCIUM,mg/dl,8.1-10.4 mg/dl,numeric,False,False,
gm_line_3843,gm_entry_4978,10,Estimated Glomerular Filtration Rate (eGFR) Serum Creatinine,mg/dl,Male: 0.70-1.30 mg/dl Famale:0.60-1.10 mg/dl Child:0.20-0.70 mg/dl,numeric,False,False,
gm_line_3844,gm_entry_4978,1,eGFR(Use Variable MDRD Equ),ml/min/1.73m2,>90.00 Normal renal function 60-89 Mild decrease renal function 45-59 Mild to moderate decrease 30-44 Moderate to severe decrease 15-29 Severe decrease <15.00 Renal failure,numeric,False,False,
gm_line_3841,gm_entry_3826,10,S. Ferritin,ng/mL,Male:30-400 ng/mL Female:13-150ng/mL,numeric,False,False,
gm_line_2909,gm_entry_4898,1,S. UREA,mg/dl,10-50 mg/dl,numeric,False,False,
gm_line_2917,gm_entry_3764,1,SERUM CHOLESTEROL,,,text,False,False,
gm_line_2974,gm_entry_3765,10,S.Electrolites:,,,text,True,True,SE
gm_line_2975,gm_entry_3765,1,Sodium,mmol/L,135 - 146 mmol/L,numeric,False,False,SE
gm_line_2976,gm_entry_3765,2,Potassium,mmol/L,"Child 3.4-4.7, Adult 3.5-5.1",numeric,False,False,SE
gm_line_2977,gm_entry_3765,3,Chloride,mmol/L,96 - 110 mmol/L,numeric,False,False,SE
gm_line_2978,gm_entry_3765,4,T-CO2 (Venous),mmol/L,22 - 32 mmol/L,numeric,False,False,SE
gm_line_3840,gm_entry_3781,10,S.IRON,ug/dl,Male:59-158ug/dl Female:37-145ug/dl,numeric,False,False,
gm_line_3814,gm_entry_3766,10,IRON PROFILE,,,text,True,True,IRONP
gm_line_3815,gm_entry_3766,1,S. TIBC,ug/dl,274-385 ug/dl,numeric,False,False,IRONP
gm_line_3816,gm_entry_3766,2,S. IRON,ug/dl,Male: 59-158 ug/dl Female: 37-145 ug/dl,numeric,False,False,IRONP
gm_line_3817,gm_entry_3766,3,S. Ferritin,ng/ml,Male: 30-400 ng/ml Female: 13-150 ng/ml,numeric,False,False,IRONP
gm_line_3842,gm_entry_3782,10,S.TIBC,ug/dl,274 - 385 ug/dl,numeric,False,False,
gm_line_2951,gm_entry_3788,10,Albumin Creatinin Ratio:,,,text,True,True,AC
gm_line_2952,gm_entry_3788,1,Urinary Albumin,mg/L,,numeric,False,False,AC
gm_line_2953,gm_entry_3788,2,Urinary Creatinine,mg/g,,numeric,False,False,AC
gm_line_2954,gm_entry_3788,3,Albumin Creatinine Ratio,mg/g,Normal: <=30mg/g Microalbuminuria: >30 to 300 mg/g Macroalbuminirua:>=300 mg/g,numeric,False,False,AC
gm_line_3943,gm_entry_4997,10,ACE (Angiotensin Converting Enzime),U/L,Serum : <52.0 U/L CSF: <8.1 U/L,numeric,False,False,
gm_line_3946,gm_entry_3728,10,BILIRUBIN,,,text,True,True,bil
gm_line_3947,gm_entry_3728,1,BILIRUBIN (Total),mg/dL,upto 1.0 mg/dl,numeric,False,False,bil
gm_line_3948,gm_entry_3728,2,BILIRUBIN (Direct),mg/dL,Adult: upto 0.3 mg/dL Neonatal: upto 1.0 mg/dL,numeric,False,False,bil
gm_line_3949,gm_entry_3728,3,BILIRUBIN(Indirect),mg/dL,Adult: upto 0.8 mg/dL Neonatal: upto 12.0 mg/dL,numeric,False,False,bil
gm_line_2979,gm_entry_3732,10,S.Albumin,g/dl,3.8 -5.1 g/dl,numeric,False,False,
gm_line_2910,gm_entry_1533,1,URIC ACID,mg/dl,Men (3.4 -7.0) mg/dl Female (2.4 - 5.7) mg/dl,numeric,False,False,
gm_line_3818,gm_entry_4928,10,Albumin Creatinine Ratio,,,text,False,True,
gm_line_3819,gm_entry_4928,1,Urinary Micro Albumin,mg/L,<20.0 mg/L,numeric,False,False,
gm_line_3820,gm_entry_4928,2,Urinary Creatinine,mg/dl,,numeric,False,False,
gm_line_3821,gm_entry_4928,3,Albumin Creatinine Ratio,mg/g,Upto 30 mg/g,numeric,False,False,
gm_line_2950,gm_entry_3733,1,Urinary Albumin,mg/L,,numeric,False,False,
gm_line_2923,gm_entry_3736,1,Urine Microalbbumin,mg/L,< 25mg/L,numeric,False,False,
gm_line_3782,gm_entry_4889,10,Site,,,text,False,False,
gm_line_3783,gm_entry_4889,1,Date of Injection,,,text,False,False,
gm_line_3784,gm_entry_4889,2,Dose of Injection,,,text,False,False,
gm_line_3785,gm_entry_4889,3,Date of Observation,,,text,False,False,
gm_line_3786,gm_entry_4889,4,On Observation,,,text,False,False,
gm_line_3787,gm_entry_4889,5,Diameter,,,text,False,False,
gm_line_3788,gm_entry_4889,6,Interpretation,,,text,False,False,
gm_line_3013,gm_entry_3723,10,PHYSICAL EXAMINATION,,,text,True,True,
gm_line_3014,gm_entry_3723,1,Colour,,,text,False,False,
gm_line_3015,gm_entry_3723,2,Odour,,,text,False,False,
gm_line_3016,gm_entry_3723,3,Consistancy,,,text,False,False,
gm_line_3017,gm_entry_3723,4,Blood,,,text,False,False,
gm_line_3018,gm_entry_3723,5,Mucus,,,text,False,False,
gm_line_3019,gm_entry_3723,6,Warm,,,text,False,False,
gm_line_3020,gm_entry_3723,7,CHEMICAL EXAMINATION,,,text,True,True,
gm_line_3021,gm_entry_3723,8,Reaction,,,text,False,False,
gm_line_3022,gm_entry_3723,9,Reducing Substance,,,text,False,False,
gm_line_3023,gm_entry_3723,10,Occult Blood Test,,,text,False,False,
gm_line_3024,gm_entry_3723,11,Stercobilinogen,,,text,False,False,
gm_line_3025,gm_entry_3723,12,Floatation Method,,,text,False,False,
gm_line_3026,gm_entry_3723,13,MICROSCOPIC EXAMINATION,,,text,True,True,
gm_line_3027,gm_entry_3723,14,Protozoa,,,text,False,False,
gm_line_3028,gm_entry_3723,15,Giardia,,,text,False,False,
gm_line_3029,gm_entry_3723,16,E. Histolytica,,,text,False,False,
gm_line_3030,gm_entry_3723,17,HELMINTH,,,text,True,True,
gm_line_3031,gm_entry_3723,18,A. Lumbricoids,,,text,False,False,
gm_line_3032,gm_entry_3723,19,T. Trichura,,,text,False,False,
gm_line_3033,gm_entry_3723,20,A. Duodenale,,,text,False,False,
gm_line_3034,gm_entry_3723,21,RBC,,,text,False,False,
gm_line_3035,gm_entry_3723,22,Pus Cells,,,text,False,False,
gm_line_3036,gm_entry_3723,23,Macrophase,,,text,False,False,
gm_line_3037,gm_entry_3723,24,Neutral Fat/Fat droplets,,,text,False,False,
gm_line_3038,gm_entry_3723,25,Starch,,,text,False,False,
gm_line_3039,gm_entry_3723,26,Vegetable Cells,,,text,False,False,
gm_line_3040,gm_entry_3723,27,Muscle Fibres,,,text,False,False,
gm_line_3041,gm_entry_3723,28,Epithelial Cells,,,text,False,False,
gm_line_3613,gm_entry_5143,10,Linezolid,,,text,False,False,
gm_line_3614,gm_entry_5143,1,Penicillin,,,text,False,False,
gm_line_3615,gm_entry_5143,2,Colistin,,,text,False,False,
gm_line_3616,gm_entry_5143,3,Mecilinam,,,text,False,False,
gm_line_3617,gm_entry_5143,4,Ceftazidime,,,text,False,False,
gm_line_3618,gm_entry_5143,5,Cefuroxime,,,text,False,False,
gm_line_3619,gm_entry_5143,6,Ciprofloxacin,,,text,False,False,
gm_line_3620,gm_entry_5143,7,Co-trimozxazole,,,text,False,False,
gm_line_3621,gm_entry_5143,8,Gentamicin,,,text,False,False,
gm_line_3622,gm_entry_5143,9,Cefotaxime,,,text,False,False,
gm_line_3623,gm_entry_5143,10,Lovofloxacin,,,text,False,False,
gm_line_3624,gm_entry_5143,11,Cefoxitin,,,text,False,False,
gm_line_3625,gm_entry_5143,12,Tigecycline,,,text,False,False,
gm_line_3626,gm_entry_5143,13,Doxycycline,,,text,False,False,
gm_line_3627,gm_entry_5143,14,Erythromycin,,,text,False,False,
gm_line_3628,gm_entry_5143,15,Tetracycline,,,text,False,False,
gm_line_3629,gm_entry_5143,16,Vancomycin,,,text,False,False,
gm_line_3630,gm_entry_5143,17,Amoxycillin,,,text,False,False,
gm_line_3631,gm_entry_5143,18,Cefixime,,,text,False,False,
gm_line_3632,gm_entry_5143,19,Pefloxacin,,,text,False,False,
gm_line_3633,gm_entry_5143,20,NItrofurantoin,,,text,False,False,
gm_line_3634,gm_entry_5143,21,Cefepime,,,text,False,False,
gm_line_3635,gm_entry_5143,22,Amikacin,,,text,False,False,
gm_line_3636,gm_entry_5143,23,Ceftriaxone,,,text,False,False,
gm_line_3637,gm_entry_5143,24,Tobramycin,,,text,False,False,
gm_line_3638,gm_entry_5143,25,Netilmicin,,,text,False,False,
gm_line_3639,gm_entry_5143,26,Clindamycin,,,text,False,False,
gm_line_3640,gm_entry_5143,27,Meropenem,,,text,False,False,
gm_line_3641,gm_entry_5143,28,Imipenem,,,text,False,False,
gm_line_3642,gm_entry_5143,29,Amoxyclav,,,text,False,False,
gm_line_3643,gm_entry_5143,30,Cefepime,,,text,False,False,
gm_line_3644,gm_entry_5143,31,Azithromycin,,,text,False,False,
gm_line_3645,gm_entry_5143,32,Astreonam,,,text,False,False,
gm_line_3646,gm_entry_5143,33,Tezobactam Piperacillin,,,text,False,False,
gm_line_3647,gm_entry_5143,34,Nalidaxic Acid,,,text,False,False,
gm_line_3648,gm_entry_5143,35,Chloramphenicol,,,text,False,False,
gm_line_3736,gm_entry_3720,10,Physical Examination,,,text,True,True,
gm_line_3737,gm_entry_3720,1,Quantity,,,text,False,False,
gm_line_3738,gm_entry_3720,2,Colour,,,text,False,False,
gm_line_3739,gm_entry_3720,3,Appearance,,,text,False,False,
gm_line_3740,gm_entry_3720,4,Sediment,,,text,False,False,
gm_line_3741,gm_entry_3720,5,CHEMICAL EXAMINATION,,,text,False,False,
gm_line_3742,gm_entry_3720,6,Reaction,,,text,True,True,
gm_line_3743,gm_entry_3720,7,Albumin,,,text,False,False,
gm_line_3744,gm_entry_3720,8,Sugar,,,text,False,False,
gm_line_3745,gm_entry_3720,9,Ex. Phosphate,,,text,False,False,
gm_line_3754,gm_entry_3720,18,MICROSCOPIC EXAMINATION,,,text,True,True,
gm_line_3758,gm_entry_3720,22,Pus Cells,,,text,False,False,
gm_line_3759,gm_entry_3720,23,Epithelial cells,,,text,False,False,
gm_line_3760,gm_entry_3720,24,CASTS/LPF,,,text,True,True,
gm_line_3761,gm_entry_3720,25,R.B.C,,,text,False,False,
gm_line_3762,gm_entry_3720,26,W.B.C,,,text,False,False,
gm_line_3763,gm_entry_3720,27,Epithelia,,,text,False,False,
gm_line_3764,gm_entry_3720,28,Granular,,,text,False,False,
gm_line_3765,gm_entry_3720,29,Hyaline,,,text,False,False,
gm_line_3767,gm_entry_3720,31,Amor.Phos.,,,text,False,False,
gm_line_3768,gm_entry_3720,32,Uric Acid,,,text,False,False,
gm_line_3769,gm_entry_3720,33,Ca.oxalate,,,text,False,False,
gm_line_3770,gm_entry_3720,34,Urates,,,text,False,False,
gm_line_3771,gm_entry_3720,35,Triple Phos,,,text,False,False,
gm_line_3772,gm_entry_3720,36,Candida,,,text,False,False,
gm_line_3773,gm_entry_3720,37,Cal. Oxalate,,,text,False,False,
gm_line_3774,gm_entry_3720,38,ON REQUEST,,,text,True,True,
gm_line_3775,gm_entry_3720,39,Bile Salt,,,text,False,False,
gm_line_3776,gm_entry_3720,40,Bile Pigment,,,text,False,False,
gm_line_3777,gm_entry_3720,41,Ketones,,,text,False,False,
gm_line_3778,gm_entry_3720,42,Urobilinogen,,,text,False,False,
gm_line_3779,gm_entry_3720,43,B.J. Protein,,,text,False,False,
gm_line_3854,gm_entry_3720,44,Ca.Carbonate,,,text,False,False,
gm_line_3990,gm_entry_3771,10,APTT,,,text,True,True,
gm_line_3991,gm_entry_3771,10,Patient,sec,24-36 sec,numeric,False,False,
gm_line_3992,gm_entry_3771,10,Control,sec,,numeric,False,False,
gm_line_3812,gm_entry_3722,10,BT,,01 - 07 Min,text,False,False,BT
gm_line_3813,gm_entry_3722,1,CT,,03 - 11 Min,text,False,False,BT
gm_line_3987,gm_entry_3753,10,Hemoglobin (Hb),g/dl,"M: 13-18, F11.5-16.5 g/dl child 10-13 g/dl Infant (One Year): 8-10 g/dl",numeric,False,False,
gm_line_3993,gm_entry_3761,10,Prothombine Time,,,text,True,True,
gm_line_3994,gm_entry_3761,10,Patient,sec,,numeric,False,False,
gm_line_3995,gm_entry_3761,10,Control,sec,,numeric,False,False,
gm_line_3996,gm_entry_3761,10,INR,,,text,False,False,
gm_line_2988,gm_entry_3743,10,AMH,ng/ml,Male: 1.43-11.60 Female Age: 20-24: 1.66-9.49 25-29: 1.18-9.16 30-34: 0.67-7.55 35-39: 0.78-5.24 40-44: 0.10-2.96 45-50: 0.05-2.06 PCOS: 2.41-17.10,numeric,False,False,
gm_line_2991,gm_entry_3742,10,FSH,mIU/mL,Prepuberty Male:<02.00 Adult Mal: 1.27-19.26 Prepuberty Female : <02.00 Adult Female: Follicular phase: 03.85-8.78 Midcycle peak: 4.54-22.51 Luteal phase: 1.79-5.12 Postmenopausal: 16.74-113.59,numeric,False,False,
gm_line_3004,gm_entry_4893,10,FT3,pmol/l,4.0-8.3 pmol/l,numeric,False,False,
gm_line_2983,gm_entry_4894,10,F-T4,pmol/l,9.55 - 25,numeric,False,False,
gm_line_2990,gm_entry_3741,10,LH,mIU/mL,Prepuberty Male:<00.50 Adult Male: 1.24-8.62 Prepuberty Female : <00.20 Adult Female: Follicular phase: 2.03-11.21 Midcycle peak: 19.18-103.03 Luteal phase: 1.20-12.86 Postmenopausal: 10.87-58.64,numeric,False,False,
gm_line_3988,gm_entry_3823,10,PSA,ng/ml,<4,numeric,False,False,
gm_line_2986,gm_entry_4867,10,T3,nmol/l,0.92 - 2.33,numeric,False,False,
gm_line_2985,gm_entry_4868,10,T4,nmol/l,60 - 120,numeric,False,False,
gm_line_3007,gm_entry_3768,10,Testosterone,ng/ml,male: 2.27-10.30 ng/ml Female: 19-50 years: 0.23-0.73 Female> 50 years: 0.14-0.68,numeric,False,False,
gm_line_2989,gm_entry_3744,10,tPSA,ng/ml,<4,numeric,False,False,
gm_line_2999,gm_entry_3806,10,Anti-Nuclear Ab (ANA),AU/ml,<40.0 : Negative >=40.0 : Positive,numeric,False,False,
gm_line_3045,gm_entry_3755,10,Anti-HCV,,,text,True,True,HCV
gm_line_3046,gm_entry_3755,1,Sample Index,,,text,False,False,HCV
gm_line_3800,gm_entry_3755,2,Cut Off Index,,,text,False,False,HCV
gm_line_3801,gm_entry_3755,3,Opinion,,,text,False,False,HCV
gm_line_3006,gm_entry_3757,10,B-HCG,mIU/ml,Male = < 3 mIU/ml Cyclic Female = <4IU/ml Menopausal Women = < 13 mIU/ml Pregnant women: 4 – 5 week :1500 – 23000 5 – 6 week: 3400 – 135300 6 – 7 week: 10500 – 161000 7 – 8 week: 18000 – 209000 8 – 9 week: 37500 – 219000 9 – 10 week: 42800 – 218000 10 – 11 week: 33700 – 218700 11 – 12 week: 21800 – 193200 12 – 13 week: 20300 – 166100 13 – 14 week: 15400 – 190000 2nd trimester (14-26): 2800-176100 3rd trimester (26-39): 2800-144400,numeric,False,False,
gm_line_3043,gm_entry_3780,10,CEA,ng/ml,<4.7,numeric,False,False,
gm_line_3944,gm_entry_4990,10,Toxoplasma IgG,IU/ml,< 5.0 IU/ml,numeric,False,False,toxo
gm_line_3945,gm_entry_4990,1,Toxoplasma IgM,AU/ml,< 2.6 AU/ml,numeric,False,False,
gm_line_3009,gm_entry_4960,10,NT-proBNP,pg/mL,"<50 years old: <450pg/mL, 50-75 years old: <900pg/mL, >75 years old: <1800 pg/mL, For All Parients: <300 ng/mL,",numeric,False,False,
gm_line_2987,gm_entry_4924,10,Vitamin D,ng/ml,30-100,numeric,False,False,
gm_line_2924,gm_entry_3718,10,Ampicillin,,,text,False,False,
gm_line_2925,gm_entry_3718,1,Amoxycillin,,,text,False,False,
gm_line_2926,gm_entry_3718,2,Cloxacillin,,,text,False,False,
gm_line_2927,gm_entry_3718,3,Carbenicillin,,,text,False,False,
gm_line_2928,gm_entry_3718,4,Cephalexin,,,text,False,False,
gm_line_2929,gm_entry_3718,5,Cephradine,,,text,False,False,
gm_line_2930,gm_entry_3718,6,Tetracycline,,,text,False,False,
gm_line_2931,gm_entry_3718,7,Azithromycin,,,text,False,False,
gm_line_2932,gm_entry_3718,8,Streptomycin,,,text,False,False,
gm_line_2933,gm_entry_3718,9,Chloramphenicol,,,text,False,False,
gm_line_2934,gm_entry_3718,10,Vancomycin,,,text,False,False,
gm_line_2935,gm_entry_3718,11,Levofloxacin,,,text,False,False,
gm_line_2936,gm_entry_3718,12,Novobiocin,,,text,False,False,
gm_line_2937,gm_entry_3718,13,Penicillin,,,text,False,False,
gm_line_2938,gm_entry_3718,14,Doxicycline,,,text,False,False,
gm_line_2939,gm_entry_3718,15,Kanamycin,,,text,False,False,
gm_line_2940,gm_entry_3718,16,Gentamycin,,,text,False,False,
gm_line_2941,gm_entry_3718,17,Nalidixic acid,,,text,False,False,
gm_line_2942,gm_entry_3718,18,Nitrofurantion,,,text,False,False,
gm_line_2943,gm_entry_3718,19,Furazolidine,,,text,False,False,
gm_line_2944,gm_entry_3718,20,Cotrimoxazole,,,text,False,False,
gm_line_2945,gm_entry_3718,21,Tobramycin,,,text,False,False,
gm_line_2946,gm_entry_3718,22,Ciprofloxacin,,,text,False,False,
gm_line_2947,gm_entry_3718,23,Neomycin,,,text,False,False,
gm_line_2948,gm_entry_3718,24,Moxifloxacin,,,text,False,False,
gm_line_2949,gm_entry_3718,25,Lomefloxacin,,,text,False,False,
gm_line_3325,gm_entry_3776,10,Linezolid,,,text,False,False,
gm_line_3326,gm_entry_3776,1,Penicillin,,,text,False,False,
gm_line_3327,gm_entry_3776,2,Colistin,,,text,False,False,
gm_line_3328,gm_entry_3776,3,Mecilinam,,,text,False,False,
gm_line_3329,gm_entry_3776,4,Ceftazidime,,,text,False,False,
gm_line_3330,gm_entry_3776,5,Cefuroxime,,,text,False,False,
gm_line_3331,gm_entry_3776,6,Ciprofloxacin,,,text,False,False,
gm_line_3332,gm_entry_3776,7,Co-trimozxazole,,,text,False,False,
gm_line_3333,gm_entry_3776,8,Gentamicin,,,text,False,False,
gm_line_3334,gm_entry_3776,9,Cefotaxime,,,text,False,False,
gm_line_3335,gm_entry_3776,10,Lovofloxacin,,,text,False,False,
gm_line_3336,gm_entry_3776,11,Cefoxitin,,,text,False,False,
gm_line_3337,gm_entry_3776,12,Tigecycline,,,text,False,False,
gm_line_3338,gm_entry_3776,13,Doxycycline,,,text,False,False,
gm_line_3339,gm_entry_3776,14,Erythromycin,,,text,False,False,
gm_line_3340,gm_entry_3776,15,Tetracycline,,,text,False,False,
gm_line_3341,gm_entry_3776,16,Vancomycin,,,text,False,False,
gm_line_3342,gm_entry_3776,17,Amoxycillin,,,text,False,False,
gm_line_3343,gm_entry_3776,18,Cefixime,,,text,False,False,
gm_line_3344,gm_entry_3776,19,Pefloxacin,,,text,False,False,
gm_line_3345,gm_entry_3776,20,NItrofurantoin,,,text,False,False,
gm_line_3346,gm_entry_3776,21,Cefepime,,,text,False,False,
gm_line_3347,gm_entry_3776,22,Amikacin,,,text,False,False,
gm_line_3348,gm_entry_3776,23,Ceftriaxone,,,text,False,False,
gm_line_3349,gm_entry_3776,24,Tobramycin,,,text,False,False,
gm_line_3350,gm_entry_3776,25,Netilmicin,,,text,False,False,
gm_line_3351,gm_entry_3776,26,Clindamycin,,,text,False,False,
gm_line_3352,gm_entry_3776,27,Meropenem,,,text,False,False,
gm_line_3353,gm_entry_3776,28,Imipenem,,,text,False,False,
gm_line_3354,gm_entry_3776,29,Amoxyclav,,,text,False,False,
gm_line_3355,gm_entry_3776,30,Cefepime,,,text,False,False,
gm_line_3356,gm_entry_3776,31,Azithromycin,,,text,False,False,
gm_line_3357,gm_entry_3776,32,Astreonam,,,text,False,False,
gm_line_3358,gm_entry_3776,33,Tezobactam Piperacillin,,,text,False,False,
gm_line_3359,gm_entry_3776,34,Nalidaxic Acid,,,text,False,False,
gm_line_3360,gm_entry_3776,35,Chloramphenicol,,,text,False,False,
gm_line_3808,gm_entry_3717,10,BLOOD GROUP,,,text,True,True,BG
gm_line_3839,gm_entry_3717,10,RH(D),,,text,False,False,
gm_line_3809,gm_entry_3717,1,ABO,,,text,False,False,BG
gm_line_3042,gm_entry_4881,10,CRP,mg/L,Up to 6.0 mg/L,numeric,False,False,
gm_line_3830,gm_entry_3735,10,Dengue Antibody IgG,,,text,False,False,
gm_line_3853,gm_entry_3735,1,Dengue Antibody IgM,,,text,False,False,
gm_line_3831,gm_entry_3754,10,Dengue Antibody lgM,,,text,False,False,
gm_line_3832,gm_entry_4861,10,Dengue Ag NS1(ICT),,,text,False,False,
gm_line_3960,gm_entry_4931,10,FEBRILE ANTIGEN,,,text,True,True,
gm_line_3961,gm_entry_4931,1,TO,,,text,False,False,
gm_line_3962,gm_entry_4931,2,TH,,,text,False,False,
gm_line_3963,gm_entry_4931,3,AH,,,text,False,False,
gm_line_3964,gm_entry_4931,4,BH,,,text,False,False,
gm_line_3965,gm_entry_4931,5,Anti-Brucella Ab,,,text,True,True,
gm_line_3966,gm_entry_4931,6,B. abortus,,,text,False,False,
gm_line_3967,gm_entry_4931,7,B. melitensis,,,text,False,False,
gm_line_3968,gm_entry_4931,8,Anti-Ricketsia Ab,,,text,True,True,
gm_line_3969,gm_entry_4931,9,Proteus OXK,,,text,False,False,
gm_line_3970,gm_entry_4931,10,Proteus OX2,,,text,False,False,
gm_line_3971,gm_entry_4931,11,Proteus OX19,,,text,False,False,
gm_line_3012,gm_entry_4934,10,H.pylori,,,text,False,False,
gm_line_3047,gm_entry_3747,10,HbsAg,,,text,True,True,
gm_line_3048,gm_entry_3747,1,Sample Index Cut Off Index Opinion,IU/mL,100 1.0 Positive,numeric,False,False,
gm_line_3074,gm_entry_3716,1,HBsAg (Screening Test),,,text,False,False,
gm_line_3834,gm_entry_3787,10,HCV(Screening Test),,,text,False,False,
gm_line_3836,gm_entry_4976,10,HIV(Screening Test),,,text,False,False,
gm_line_3838,gm_entry_3791,10,Malaria Parasite(MP),,,text,False,False,
gm_line_3989,gm_entry_5216,10,RA Factor,IU /ml,<16 IU / ml,numeric,False,False,
gm_line_3837,gm_entry_5156,10,R.A. TEST,,,text,False,False,
gm_line_3975,gm_entry_3797,10,TRIPLE ANTIGEN,,,text,True,True,
gm_line_3976,gm_entry_3797,1,TO,,,text,False,False,
gm_line_3977,gm_entry_3797,2,TH,,,text,False,False,
gm_line_3978,gm_entry_3797,3,AH,,,text,False,False,
gm_line_3979,gm_entry_3797,4,BH,,,text,False,False,
gm_line_3980,gm_entry_3797,5,Anti-Brucella Ab,,,text,True,True,
gm_line_3981,gm_entry_3797,6,B. abortus,,,text,False,False,
gm_line_3982,gm_entry_3797,7,B. melitensis,,,text,False,False,
gm_line_3983,gm_entry_3797,8,Anti-Ricketsia Ab,,,text,True,True,
gm_line_3984,gm_entry_3797,9,Proteus OXK,,,text,False,False,
gm_line_3985,gm_entry_3797,10,Proteus OX2,,,text,False,False,
gm_line_3986,gm_entry_3797,11,Proteus OX19,,,text,False,False,
