id,name,model_id:id,group_id:id,perm_read,perm_write,perm_create,perm_unlink
access_diagnosis_department,access_diagnosis_department,model_diagnosis_department,base.group_user,1,1,1,1
access_diagonosis,access_diagonosis,model_diagonosis,base.group_user,1,1,1,1
access_brokers_info,access_brokers_info,model_brokers_info,base.group_user,1,1,1,1
access_doctors_profile,access_doctors_profile,model_doctors_profile,base.group_user,1,1,1,1
access_diagnosis_group,access_diagnosis_group,model_diagnosis_group,base.group_user,1,1,1,1
access_patient_info,access_patient_info,model_patient_info,base.group_user,1,1,1,1
access_leih_admission,access_leih_admission,model_leih_admission,base.group_user,1,1,1,1
access_leih_admission_line,access_leih_admission_line,model_leih_admission_line,base.group_user,1,1,1,1
access_bill_register_admission_line,access_bill_register_admission_line,model_bill_register_admission_line,base.group_user,1,1,1,1
access_admission_payment_line,access_admission_payment_line,model_admission_payment_line,base.group_user,1,1,1,1
access_patient_guarantor,access_patient_guarantor,model_patient_guarantor,base.group_user,1,1,1,1
access_admission_payment,access_admission_payment,model_admission_payment,base.group_user,1,1,1,1
access_admission_payment_configuration,access_admission_payment_configuration,model_admission_payment_configuration,base.group_user,1,1,1,1
access_admission_payment_configuration_line,access_admission_payment_configuration_line,model_admission_payment_configuration_line,base.group_user,1,1,1,1
access_admission_release,access_admission_release,model_admission_release,base.group_user,1,1,1,1
access_advance_cash,access_advance_cash,model_advance_cash,base.group_user,1,1,1,1
access_ambulance_registration,access_ambulance_registration,model_ambulance_registration,base.group_user,1,1,1,1
access_ambulance_booking,access_ambulance_booking,model_ambulance_booking,base.group_user,1,1,1,1
access_ambulance_expense,access_ambulance_expense,model_ambulance_expense,base.group_user,1,1,1,1
access_appointment_booking,access_appointment_booking,model_appointment_booking,base.group_user,1,1,1,1
access_appointment_paid,access_appointment_paid,model_appointment_paid,base.group_user,1,1,1,1
access_appointment_payment,access_appointment_payment,model_appointment_payment,base.group_user,1,1,1,1
access_appointment_payment_line,access_appointment_payment_line,model_appointment_payment_line,base.group_user,1,1,1,1
access_add_bill,access_add_bill,model_add_bill,base.group_user,1,1,1,1
access_bill_register,access_bill_register,model_bill_register,base.group_user,1,1,1,1
access_bill_register_line,access_bill_register_line,model_bill_register_line,base.group_user,1,1,1,1
access_bill_register_payment_line,access_bill_register_payment_line,model_bill_register_payment_line,base.group_user,1,1,1,1
access_bill_journal_relation,access_bill_journal_relation,model_bill_journal_relation,base.group_user,1,1,1,1
access_bill_register_payment,access_bill_register_payment,model_bill_register_payment,base.group_user,1,1,1,1
access_blood_donar,access_blood_donar,model_blood_donar,base.group_user,1,1,1,1
access_blood_receiver,access_blood_receiver,model_blood_receiver,base.group_user,1,1,1,1
access_cash_collection,access_cash_collection,model_cash_collection,base.group_user,1,1,1,1
access_cash_collection_line,access_cash_collection_line,model_cash_collection_line,base.group_user,1,1,1,1
access_custom_report_wiz,access_custom_report_wiz,model_custom_report_wiz,base.group_user,1,1,1,1
access_hospital_dashboard,access_hospital_dashboard,model_hospital_dashboard,base.group_user,1,1,1,1
access_diagnosis_room,access_diagnosis_room,model_diagnosis_room,base.group_user,1,1,1,1
access_corporate_discount,access_corporate_discount,model_corporate_discount,base.group_user,1,1,1,1
access_discount,access_discount,model_discount,base.group_user,1,1,1,1
access_discount_line,access_discount_line,model_discount_line,base.group_user,1,1,1,1
access_discount_category,access_discount_category,model_discount_category,base.group_user,1,1,1,1
access_discount_configuration,access_discount_configuration,model_discount_configuration,base.group_user,1,1,1,1
access_discount_configuration_line,access_discount_configuration_line,model_discount_configuration_line,base.group_user,1,1,1,1
access_examination_entry,access_examination_entry,model_examination_entry,base.group_user,1,1,1,1
access_examination_entry_line,access_examination_entry_line,model_examination_entry_line,base.group_user,1,1,1,1
access_examination_support_item,access_examination_support_item,model_examination_support_item,base.group_user,1,1,1,1
access_examination_merge_line,access_examination_merge_line,model_examination_merge_line,base.group_user,1,1,1,1
access_sample_type,access_sample_type,model_sample_type,base.group_user,1,1,1,1
access_leih_expense,access_leih_expense,model_leih_expense,base.group_user,1,1,1,1
access_hospital_admission,access_hospital_admission,model_hospital_admission,base.group_user,1,1,1,1
access_hospital_admission_line,access_hospital_admission_line,model_hospital_admission_line,base.group_user,1,1,1,1
access_bill_register_general_admission_line,access_bill_register_general_admission_line,model_bill_register_general_admission_line,base.group_user,1,1,1,1
access_general_admission_payment_line,access_general_admission_payment_line,model_general_admission_payment_line,base.group_user,1,1,1,1
access_hospital_bed_line,access_hospital_bed_line,model_hospital_bed_line,base.group_user,1,1,1,1
access_doctor_profile_admission_line,access_doctor_profile_admission_line,model_doctor_profile_admission_line,base.group_user,1,1,1,1
access_hospital_medicine_line,access_hospital_medicine_line,model_hospital_medicine_line,base.group_user,1,1,1,1
access_hospital_bill_line,access_hospital_bill_line,model_hospital_bill_line,base.group_user,1,1,1,1
access_hospital_bed,access_hospital_bed,model_hospital_bed,base.group_user,1,1,1,1
access_hospital_patient_guarantor,access_hospital_patient_guarantor,model_hospital_patient_guarantor,base.group_user,1,1,1,1
access_hospital_medicine,access_hospital_medicine,model_hospital_medicine,base.group_user,1,1,1,1
access_hospital_admission_payment,access_hospital_admission_payment,model_hospital_admission_payment,base.group_user,1,1,1,1
access_general_admission_release,access_general_admission_release,model_general_admission_release,base.group_user,1,1,1,1
access_inventory_product_entry,access_inventory_product_entry,model_inventory_product_entry,base.group_user,1,1,1,1
access_inventory_product_entry_line,access_inventory_product_entry_line,model_inventory_product_entry_line,base.group_user,1,1,1,1
access_inventory_requisition,access_inventory_requisition,model_inventory_requisition,base.group_user,1,1,1,1
access_inventory_requisition_line,access_inventory_requisition_line,model_inventory_requisition_line,base.group_user,1,1,1,1
access_laundry_clean,access_laundry_clean,model_laundry_clean,base.group_user,1,1,1,1
access_laundry_clean_line,access_laundry_clean_line,model_laundry_clean_line,base.group_user,1,1,1,1
access_laundry_receive,access_laundry_receive,model_laundry_receive,base.group_user,1,1,1,1
access_laundry_laundry,access_laundry_laundry,model_laundry_laundry,base.group_user,1,1,1,1
access_laundry_product,access_laundry_product,model_laundry_product,base.group_user,1,1,1,1
access_leih_money_receipt,access_leih_money_receipt,model_leih_money_receipt,base.group_user,1,1,1,1
access_opd_ticket,access_opd_ticket,model_opd_ticket,base.group_user,1,1,1,1
access_opd_ticket_line,access_opd_ticket_line,model_opd_ticket_line,base.group_user,1,1,1,1
access_opd_ticket_entry,access_opd_ticket_entry,model_opd_ticket_entry,base.group_user,1,1,1,1
access_optics_sale,access_optics_sale,model_optics_sale,base.group_user,1,1,1,1
access_optics_lens_sale_line,access_optics_lens_sale_line,model_optics_lens_sale_line,base.group_user,1,1,1,1
access_optics_sale_payment_line,access_optics_sale_payment_line,model_optics_sale_payment_line,base.group_user,1,1,1,1
access_product_lens,access_product_lens,model_product_lens,base.group_user,1,1,1,1
access_optics_sale_payment,access_optics_sale_payment,model_optics_sale_payment,base.group_user,1,1,1,1
access_examine_package,access_examine_package,model_examine_package,base.group_user,1,1,1,1
access_examine_package_line,access_examine_package_line,model_examine_package_line,base.group_user,1,1,1,1
access_payment_type,access_payment_type,model_payment_type,base.group_user,1,1,1,1
access_diagnosis_sticker,access_diagnosis_sticker,model_diagnosis_sticker,base.group_user,1,1,1,1
access_diagnosis_sticker_line,access_diagnosis_sticker_line,model_diagnosis_sticker_line,base.group_user,1,1,1,1
access_ward_managment,access_ward_managment,model_ward_managment,base.group_user,1,1,1,1
access_cc_collection,access_cc_collection,model_cc_collection,base.group_user,1,1,1,1
access_detail_component,access_detail_component,model_detail_component,base.group_user,1,1,1,1
access_optics_daily_collection,access_optics_daily_collection,model_optics_daily_collection,base.group_user,1,1,1,1
access_tube_color,access_tube_color,model_tube_color,base.group_user,1,1,1,1
access_examination_report_template,access_examination_report_template,model_examination_report_template,base.group_user,1,1,1,1
access_examination_possible_value,access_examination_possible_value,model_examination_possible_value,base.group_user,1,1,1,1
access_lab_method,access_lab_method,model_lab_method,base.group_user,1,1,1,1
access_lab_instrument,access_lab_instrument,model_lab_instrument,base.group_user,1,1,1,1
access_lab_antibiotic,access_lab_antibiotic,model_lab_antibiotic,base.group_user,1,1,1,1
access_lab_specimen,access_lab_specimen,model_lab_specimen,base.group_user,1,1,1,1
access_examination_result,access_examination_result,model_examination_result,base.group_user,1,1,1,1
access_lab_print_confirm,access_lab_print_confirm,model_lab_print_confirm,base.group_user,1,1,1,1
access_examination_result_line,access_examination_result_line,model_examination_result_line,base.group_user,1,1,1,1
access_examination_result_antibiogram_line,access_examination_result_antibiogram_line,model_examination_result_antibiogram_line,base.group_user,1,1,1,1
access_admission_charge_item,access_admission_charge_item,model_admission_charge_item,base.group_user,1,1,1,1
access_leih_collection_report,access_leih_collection_report,model_leih_collection_report,base.group_user,1,0,0,0
access_investigation_payment,access_investigation_payment,model_investigation_payment,base.group_user,1,1,1,1
access_investigation_payment_line,access_investigation_payment_line,model_investigation_payment_line,base.group_user,1,1,1,1
